Number, RawPath, ConfigPath, DataPath, OutputPath, GraphPath
000000, /mnt/raw/cluster_size/threshold/ThresholdScan_240312_145514.dat, /mnt/raw/cluster_size/threshold/ScanConfig_240312_145514.cfg, /mnt/homes/ychoi/entry_test/raw/Threshold_240312_145514.root, /mnt/homes/ychoi/entry_test/threshold_plot/Threshold_240312_145514, /mnt/homes/ychoi/entry_test/threshold/Threshold_240312_145514.root
000001, /mnt/raw/cluster_size/threshold/ThresholdScan_240312_154623.dat, /mnt/raw/cluster_size/threshold/ScanConfig_240312_154623.cfg, /mnt/homes/ychoi/entry_test/raw/Threshold_240312_154623.root, /mnt/homes/ychoi/entry_test/threshold_plot/Threshold_240312_154623, /mnt/homes/ychoi/entry_test/threshold/Threshold_240312_154623.root
000002, /mnt/raw/cluster_size/threshold/ThresholdScan_240312_162214.dat, /mnt/raw/cluster_size/threshold/ScanConfig_240312_162214.cfg, /mnt/homes/ychoi/entry_test/raw/Threshold_240312_162214.root, /mnt/homes/ychoi/entry_test/threshold_plot/Threshold_240312_162214, /mnt/homes/ychoi/entry_test/threshold/Threshold_240312_162214.root
000003, /mnt/raw/cluster_size/threshold/ThresholdScan_240312_163347.dat, /mnt/raw/cluster_size/threshold/ScanConfig_240312_163347.cfg, /mnt/homes/ychoi/entry_test/raw/Threshold_240312_163347.root, /mnt/homes/ychoi/entry_test/threshold_plot/Threshold_240312_163347, /mnt/homes/ychoi/entry_test/threshold/Threshold_240312_163347.root
000004, /mnt/raw/cluster_size/threshold/ThresholdScan_240312_164514.dat, /mnt/raw/cluster_size/threshold/ScanConfig_240312_164514.cfg, /mnt/homes/ychoi/entry_test/raw/Threshold_240312_164514.root, /mnt/homes/ychoi/entry_test/threshold_plot/Threshold_240312_164514, /mnt/homes/ychoi/entry_test/threshold/Threshold_240312_164514.root
000005, /mnt/raw/cluster_size/threshold/ThresholdScan_240312_172754.dat, /mnt/raw/cluster_size/threshold/ScanConfig_240312_172754.cfg, /mnt/homes/ychoi/entry_test/raw/Threshold_240312_172754.root, /mnt/homes/ychoi/entry_test/threshold_plot/Threshold_240312_172754, /mnt/homes/ychoi/entry_test/threshold/Threshold_240312_172754.root
000006, /mnt/raw/cluster_size/threshold/ThresholdScan_240312_182312.dat, /mnt/raw/cluster_size/threshold/ScanConfig_240312_182312.cfg, /mnt/homes/ychoi/entry_test/raw/Threshold_240312_182312.root, /mnt/homes/ychoi/entry_test/threshold_plot/Threshold_240312_182312, /mnt/homes/ychoi/entry_test/threshold/Threshold_240312_182312.root
000007, /mnt/raw/cluster_size/threshold/ThresholdScan_240730_155033.dat, /mnt/raw/cluster_size/threshold/ScanConfig_240730_155033.cfg, /mnt/homes/ychoi/entry_test/raw/Threshold_240730_155033.root, /mnt/homes/ychoi/entry_test/threshold_plot/Threshold_240730_155033, /mnt/homes/ychoi/entry_test/threshold/Threshold_240730_155033.root
000008, /mnt/raw/cluster_size/threshold/ThresholdScan_240730_165849.dat, /mnt/raw/cluster_size/threshold/ScanConfig_240730_165849.cfg, /mnt/homes/ychoi/entry_test/raw/Threshold_240730_165849.root, /mnt/homes/ychoi/entry_test/threshold_plot/Threshold_240730_165849, /mnt/homes/ychoi/entry_test/threshold/Threshold_240730_165849.root
000009, /mnt/raw/cluster_size/threshold/ThresholdScan_231213_161911.dat, /mnt/raw/cluster_size/threshold/ScanConfig_231213_161911.cfg, /mnt/homes/ychoi/entry_test/raw/Threshold_231213_161911.root, /mnt/homes/ychoi/entry_test/threshold_plot/Threshold_231213_161911, /mnt/homes/ychoi/entry_test/threshold/Threshold_231213_161911.root
000010, /mnt/raw/cluster_size/threshold/ThresholdScan_240312_140318.dat, /mnt/raw/cluster_size/threshold/ScanConfig_240312_140318.cfg, /mnt/homes/ychoi/entry_test/raw/Threshold_240312_140318.root, /mnt/homes/ychoi/entry_test/threshold_plot/Threshold_240312_140318, /mnt/homes/ychoi/entry_test/threshold/Threshold_240312_140318.root
000011, /mnt/raw/cluster_size/threshold/ThresholdScan_240312_142348.dat, /mnt/raw/cluster_size/threshold/ScanConfig_240312_142348.cfg, /mnt/homes/ychoi/entry_test/raw/Threshold_240312_142348.root, /mnt/homes/ychoi/entry_test/threshold_plot/Threshold_240312_142348, /mnt/homes/ychoi/entry_test/threshold/Threshold_240312_142348.root
000012, /mnt/raw/cluster_size/threshold/ThresholdScan_240312_144210.dat, /mnt/raw/cluster_size/threshold/ScanConfig_240312_144210.cfg, /mnt/homes/ychoi/entry_test/raw/Threshold_240312_144210.root, /mnt/homes/ychoi/entry_test/threshold_plot/Threshold_240312_144210, /mnt/homes/ychoi/entry_test/threshold/Threshold_240312_144210.root
000013, /mnt/raw/cluster_size/threshold/ThresholdScan_240312_152130.dat, /mnt/raw/cluster_size/threshold/ScanConfig_240312_152130.cfg, /mnt/homes/ychoi/entry_test/raw/Threshold_240312_152130.root, /mnt/homes/ychoi/entry_test/threshold_plot/Threshold_240312_152130, /mnt/homes/ychoi/entry_test/threshold/Threshold_240312_152130.root
000014, /mnt/raw/cluster_size/threshold/ThresholdScan_240615_141035.dat, /mnt/raw/cluster_size/threshold/ScanConfig_240615_141035.cfg, /mnt/homes/ychoi/entry_test/raw/Threshold_240615_141035.root, /mnt/homes/ychoi/entry_test/threshold_plot/Threshold_240615_141035, /mnt/homes/ychoi/entry_test/threshold/Threshold_240615_141035.root
000015, /mnt/raw/cluster_size/threshold/ThresholdScan_240615_142503.dat, /mnt/raw/cluster_size/threshold/ScanConfig_240615_142503.cfg, /mnt/homes/ychoi/entry_test/raw/Threshold_240615_142503.root, /mnt/homes/ychoi/entry_test/threshold_plot/Threshold_240615_142503, /mnt/homes/ychoi/entry_test/threshold/Threshold_240615_142503.root
000016, /mnt/raw/cluster_size/threshold/ThresholdScan_240615_144353.dat, /mnt/raw/cluster_size/threshold/ScanConfig_240615_144353.cfg, /mnt/homes/ychoi/entry_test/raw/Threshold_240615_144353.root, /mnt/homes/ychoi/entry_test/threshold_plot/Threshold_240615_144353, /mnt/homes/ychoi/entry_test/threshold/Threshold_240615_144353.root
000017, /mnt/raw/cluster_size/threshold/ThresholdScan_240730_172114.dat, /mnt/raw/cluster_size/threshold/ScanConfig_240730_172114.cfg, /mnt/homes/ychoi/entry_test/raw/Threshold_240730_172114.root, /mnt/homes/ychoi/entry_test/threshold_plot/Threshold_240730_172114, /mnt/homes/ychoi/entry_test/threshold/Threshold_240730_172114.root
000018, /mnt/raw/cluster_size/threshold/ThresholdScan_240730_174112.dat, /mnt/raw/cluster_size/threshold/ScanConfig_240730_174112.cfg, /mnt/homes/ychoi/entry_test/raw/Threshold_240730_174112.root, /mnt/homes/ychoi/entry_test/threshold_plot/Threshold_240730_174112, /mnt/homes/ychoi/entry_test/threshold/Threshold_240730_174112.root
000019, /mnt/raw/cluster_size/threshold/ThresholdScan_240730_174921.dat, /mnt/raw/cluster_size/threshold/ScanConfig_240730_174921.cfg, /mnt/homes/ychoi/entry_test/raw/Threshold_240730_174921.root, /mnt/homes/ychoi/entry_test/threshold_plot/Threshold_240730_174921, /mnt/homes/ychoi/entry_test/threshold/Threshold_240730_174921.root
000020, /mnt/raw/cluster_size/threshold/ThresholdScan_240730_180034.dat, /mnt/raw/cluster_size/threshold/ScanConfig_240730_180034.cfg, /mnt/homes/ychoi/entry_test/raw/Threshold_240730_180034.root, /mnt/homes/ychoi/entry_test/threshold_plot/Threshold_240730_180034, /mnt/homes/ychoi/entry_test/threshold/Threshold_240730_180034.root
000021, /mnt/raw/cluster_size/threshold/ThresholdScan_240730_180629.dat, /mnt/raw/cluster_size/threshold/ScanConfig_240730_180629.cfg, /mnt/homes/ychoi/entry_test/raw/Threshold_240730_180629.root, /mnt/homes/ychoi/entry_test/threshold_plot/Threshold_240730_180629, /mnt/homes/ychoi/entry_test/threshold/Threshold_240730_180629.root
000022, /mnt/raw/cluster_size/threshold/ThresholdScan_240730_181228.dat, /mnt/raw/cluster_size/threshold/ScanConfig_240730_181228.cfg, /mnt/homes/ychoi/entry_test/raw/Threshold_240730_181228.root, /mnt/homes/ychoi/entry_test/threshold_plot/Threshold_240730_181228, /mnt/homes/ychoi/entry_test/threshold/Threshold_240730_181228.root
000023, /mnt/raw/cluster_size/threshold/ThresholdScan_240730_181847.dat, /mnt/raw/cluster_size/threshold/ScanConfig_240730_181847.cfg, /mnt/homes/ychoi/entry_test/raw/Threshold_240730_181847.root, /mnt/homes/ychoi/entry_test/threshold_plot/Threshold_240730_181847, /mnt/homes/ychoi/entry_test/threshold/Threshold_240730_181847.root
000024, /mnt/raw/cluster_size/threshold/ThresholdScan_240730_182453.dat, /mnt/raw/cluster_size/threshold/ScanConfig_240730_182453.cfg, /mnt/homes/ychoi/entry_test/raw/Threshold_240730_182453.root, /mnt/homes/ychoi/entry_test/threshold_plot/Threshold_240730_182453, /mnt/homes/ychoi/entry_test/threshold/Threshold_240730_182453.root
000025, /mnt/raw/cluster_size/threshold/ThresholdScan_240730_183850.dat, /mnt/raw/cluster_size/threshold/ScanConfig_240730_183850.cfg, /mnt/homes/ychoi/entry_test/raw/Threshold_240730_183850.root, /mnt/homes/ychoi/entry_test/threshold_plot/Threshold_240730_183850, /mnt/homes/ychoi/entry_test/threshold/Threshold_240730_183850.root
000026, /mnt/raw/cluster_size/threshold/ThresholdScan_240730_185923.dat, /mnt/raw/cluster_size/threshold/ScanConfig_240730_185923.cfg, /mnt/homes/ychoi/entry_test/raw/Threshold_240730_185923.root, /mnt/homes/ychoi/entry_test/threshold_plot/Threshold_240730_185923, /mnt/homes/ychoi/entry_test/threshold/Threshold_240730_185923.root
000027, /mnt/raw/cluster_size/threshold/ThresholdScan_240730_223456.dat, /mnt/raw/cluster_size/threshold/ScanConfig_240730_223456.cfg, /mnt/homes/ychoi/entry_test/raw/Threshold_240730_223456.root, /mnt/homes/ychoi/entry_test/threshold_plot/Threshold_240730_223456, /mnt/homes/ychoi/entry_test/threshold/Threshold_240730_223456.root
000028, /mnt/raw/cluster_size/threshold/ThresholdScan_240730_225008.dat, /mnt/raw/cluster_size/threshold/ScanConfig_240730_225008.cfg, /mnt/homes/ychoi/entry_test/raw/Threshold_240730_225008.root, /mnt/homes/ychoi/entry_test/threshold_plot/Threshold_240730_225008, /mnt/homes/ychoi/entry_test/threshold/Threshold_240730_225008.root
000029, /mnt/raw/cluster_size/threshold/ThresholdScan_240730_225628.dat, /mnt/raw/cluster_size/threshold/ScanConfig_240730_225628.cfg, /mnt/homes/ychoi/entry_test/raw/Threshold_240730_225628.root, /mnt/homes/ychoi/entry_test/threshold_plot/Threshold_240730_225628, /mnt/homes/ychoi/entry_test/threshold/Threshold_240730_225628.root
000030, /mnt/raw/cluster_size/threshold/ThresholdScan_240730_230742.dat, /mnt/raw/cluster_size/threshold/ScanConfig_240730_230742.cfg, /mnt/homes/ychoi/entry_test/raw/Threshold_240730_230742.root, /mnt/homes/ychoi/entry_test/threshold_plot/Threshold_240730_230742, /mnt/homes/ychoi/entry_test/threshold/Threshold_240730_230742.root
000031, /mnt/raw/cluster_size/threshold/ThresholdScan_240730_231637.dat, /mnt/raw/cluster_size/threshold/ScanConfig_240730_231637.cfg, /mnt/homes/ychoi/entry_test/raw/Threshold_240730_231637.root, /mnt/homes/ychoi/entry_test/threshold_plot/Threshold_240730_231637, /mnt/homes/ychoi/entry_test/threshold/Threshold_240730_231637.root
000032, /mnt/raw/cluster_size/threshold/ThresholdScan_240730_232938.dat, /mnt/raw/cluster_size/threshold/ScanConfig_240730_232938.cfg, /mnt/homes/ychoi/entry_test/raw/Threshold_240730_232938.root, /mnt/homes/ychoi/entry_test/threshold_plot/Threshold_240730_232938, /mnt/homes/ychoi/entry_test/threshold/Threshold_240730_232938.root
000033, /mnt/raw/cluster_size/threshold/ThresholdScan_240730_234640.dat, /mnt/raw/cluster_size/threshold/ScanConfig_240730_234640.cfg, /mnt/homes/ychoi/entry_test/raw/Threshold_240730_234640.root, /mnt/homes/ychoi/entry_test/threshold_plot/Threshold_240730_234640, /mnt/homes/ychoi/entry_test/threshold/Threshold_240730_234640.root
000034, /mnt/raw/cluster_size/threshold/ThresholdScan_240730_235304.dat, /mnt/raw/cluster_size/threshold/ScanConfig_240730_235304.cfg, /mnt/homes/ychoi/entry_test/raw/Threshold_240730_235304.root, /mnt/homes/ychoi/entry_test/threshold_plot/Threshold_240730_235304, /mnt/homes/ychoi/entry_test/threshold/Threshold_240730_235304.root
000035, /mnt/raw/cluster_size/threshold/ThresholdScan_240731_000813.dat, /mnt/raw/cluster_size/threshold/ScanConfig_240731_000813.cfg, /mnt/homes/ychoi/entry_test/raw/Threshold_240731_000813.root, /mnt/homes/ychoi/entry_test/threshold_plot/Threshold_240731_000813, /mnt/homes/ychoi/entry_test/threshold/Threshold_240731_000813.root
000036, /mnt/raw/cluster_size/threshold/ThresholdScan_240731_001410.dat, /mnt/raw/cluster_size/threshold/ScanConfig_240731_001410.cfg, /mnt/homes/ychoi/entry_test/raw/Threshold_240731_001410.root, /mnt/homes/ychoi/entry_test/threshold_plot/Threshold_240731_001410, /mnt/homes/ychoi/entry_test/threshold/Threshold_240731_001410.root
000037, /mnt/raw/cluster_size/threshold/ThresholdScan_240731_002117.dat, /mnt/raw/cluster_size/threshold/ScanConfig_240731_002117.cfg, /mnt/homes/ychoi/entry_test/raw/Threshold_240731_002117.root, /mnt/homes/ychoi/entry_test/threshold_plot/Threshold_240731_002117, /mnt/homes/ychoi/entry_test/threshold/Threshold_240731_002117.root
000038, /mnt/raw/cluster_size/threshold/ThresholdScan_240731_003046.dat, /mnt/raw/cluster_size/threshold/ScanConfig_240731_003046.cfg, /mnt/homes/ychoi/entry_test/raw/Threshold_240731_003046.root, /mnt/homes/ychoi/entry_test/threshold_plot/Threshold_240731_003046, /mnt/homes/ychoi/entry_test/threshold/Threshold_240731_003046.root
000039, /mnt/raw/cluster_size/threshold/ThresholdScan_240731_004032.dat, /mnt/raw/cluster_size/threshold/ScanConfig_240731_004032.cfg, /mnt/homes/ychoi/entry_test/raw/Threshold_240731_004032.root, /mnt/homes/ychoi/entry_test/threshold_plot/Threshold_240731_004032, /mnt/homes/ychoi/entry_test/threshold/Threshold_240731_004032.root
000040, /mnt/raw/cluster_size/threshold/ThresholdScan_240731_013114.dat, /mnt/raw/cluster_size/threshold/ScanConfig_240731_013114.cfg, /mnt/homes/ychoi/entry_test/raw/Threshold_240731_013114.root, /mnt/homes/ychoi/entry_test/threshold_plot/Threshold_240731_013114, /mnt/homes/ychoi/entry_test/threshold/Threshold_240731_013114.root
000041, /mnt/raw/cluster_size/threshold/ThresholdScan_240731_013659.dat, /mnt/raw/cluster_size/threshold/ScanConfig_240731_013659.cfg, /mnt/homes/ychoi/entry_test/raw/Threshold_240731_013659.root, /mnt/homes/ychoi/entry_test/threshold_plot/Threshold_240731_013659, /mnt/homes/ychoi/entry_test/threshold/Threshold_240731_013659.root
000042, /mnt/raw/cluster_size/threshold/ThresholdScan_240731_014244.dat, /mnt/raw/cluster_size/threshold/ScanConfig_240731_014244.cfg, /mnt/homes/ychoi/entry_test/raw/Threshold_240731_014244.root, /mnt/homes/ychoi/entry_test/threshold_plot/Threshold_240731_014244, /mnt/homes/ychoi/entry_test/threshold/Threshold_240731_014244.root
000043, /mnt/raw/cluster_size/threshold/ThresholdScan_240731_014829.dat, /mnt/raw/cluster_size/threshold/ScanConfig_240731_014829.cfg, /mnt/homes/ychoi/entry_test/raw/Threshold_240731_014829.root, /mnt/homes/ychoi/entry_test/threshold_plot/Threshold_240731_014829, /mnt/homes/ychoi/entry_test/threshold/Threshold_240731_014829.root
000044, /mnt/raw/cluster_size/threshold/ThresholdScan_240731_015412.dat, /mnt/raw/cluster_size/threshold/ScanConfig_240731_015412.cfg, /mnt/homes/ychoi/entry_test/raw/Threshold_240731_015412.root, /mnt/homes/ychoi/entry_test/threshold_plot/Threshold_240731_015412, /mnt/homes/ychoi/entry_test/threshold/Threshold_240731_015412.root
000045, /mnt/raw/cluster_size/threshold/ThresholdScan_240731_015955.dat, /mnt/raw/cluster_size/threshold/ScanConfig_240731_015955.cfg, /mnt/homes/ychoi/entry_test/raw/Threshold_240731_015955.root, /mnt/homes/ychoi/entry_test/threshold_plot/Threshold_240731_015955, /mnt/homes/ychoi/entry_test/threshold/Threshold_240731_015955.root
000046, /mnt/raw/cluster_size/threshold/ThresholdScan_240731_020538.dat, /mnt/raw/cluster_size/threshold/ScanConfig_240731_020538.cfg, /mnt/homes/ychoi/entry_test/raw/Threshold_240731_020538.root, /mnt/homes/ychoi/entry_test/threshold_plot/Threshold_240731_020538, /mnt/homes/ychoi/entry_test/threshold/Threshold_240731_020538.root
000047, /mnt/raw/cluster_size/threshold/ThresholdScan_240731_021123.dat, /mnt/raw/cluster_size/threshold/ScanConfig_240731_021123.cfg, /mnt/homes/ychoi/entry_test/raw/Threshold_240731_021123.root, /mnt/homes/ychoi/entry_test/threshold_plot/Threshold_240731_021123, /mnt/homes/ychoi/entry_test/threshold/Threshold_240731_021123.root
000048, /mnt/raw/cluster_size/threshold/ThresholdScan_240731_021702.dat, /mnt/raw/cluster_size/threshold/ScanConfig_240731_021702.cfg, /mnt/homes/ychoi/entry_test/raw/Threshold_240731_021702.root, /mnt/homes/ychoi/entry_test/threshold_plot/Threshold_240731_021702, /mnt/homes/ychoi/entry_test/threshold/Threshold_240731_021702.root
000049, /mnt/raw/cluster_size/threshold/ThresholdScan_240731_022247.dat, /mnt/raw/cluster_size/threshold/ScanConfig_240731_022247.cfg, /mnt/homes/ychoi/entry_test/raw/Threshold_240731_022247.root, /mnt/homes/ychoi/entry_test/threshold_plot/Threshold_240731_022247, /mnt/homes/ychoi/entry_test/threshold/Threshold_240731_022247.root
000050, /mnt/raw/cluster_size/threshold/ThresholdScan_240731_022832.dat, /mnt/raw/cluster_size/threshold/ScanConfig_240731_022832.cfg, /mnt/homes/ychoi/entry_test/raw/Threshold_240731_022832.root, /mnt/homes/ychoi/entry_test/threshold_plot/Threshold_240731_022832, /mnt/homes/ychoi/entry_test/threshold/Threshold_240731_022832.root
000051, /mnt/raw/cluster_size/threshold/ThresholdScan_240731_023415.dat, /mnt/raw/cluster_size/threshold/ScanConfig_240731_023415.cfg, /mnt/homes/ychoi/entry_test/raw/Threshold_240731_023415.root, /mnt/homes/ychoi/entry_test/threshold_plot/Threshold_240731_023415, /mnt/homes/ychoi/entry_test/threshold/Threshold_240731_023415.root
000052, /mnt/raw/cluster_size/threshold/ThresholdScan_240731_034435.dat, /mnt/raw/cluster_size/threshold/ScanConfig_240731_034435.cfg, /mnt/homes/ychoi/entry_test/raw/Threshold_240731_034435.root, /mnt/homes/ychoi/entry_test/threshold_plot/Threshold_240731_034435, /mnt/homes/ychoi/entry_test/threshold/Threshold_240731_034435.root
000053, /mnt/raw/cluster_size/threshold/ThresholdScan_240731_165139.dat, /mnt/raw/cluster_size/threshold/ScanConfig_240731_165139.cfg, /mnt/homes/ychoi/entry_test/raw/Threshold_240731_165139.root, /mnt/homes/ychoi/entry_test/threshold_plot/Threshold_240731_165139, /mnt/homes/ychoi/entry_test/threshold/Threshold_240731_165139.root
000054, /mnt/raw/cluster_size/threshold/ThresholdScan_240731_165806.dat, /mnt/raw/cluster_size/threshold/ScanConfig_240731_165806.cfg, /mnt/homes/ychoi/entry_test/raw/Threshold_240731_165806.root, /mnt/homes/ychoi/entry_test/threshold_plot/Threshold_240731_165806, /mnt/homes/ychoi/entry_test/threshold/Threshold_240731_165806.root
000055, /mnt/raw/cluster_size/threshold/ThresholdScan_240731_170748.dat, /mnt/raw/cluster_size/threshold/ScanConfig_240731_170748.cfg, /mnt/homes/ychoi/entry_test/raw/Threshold_240731_170748.root, /mnt/homes/ychoi/entry_test/threshold_plot/Threshold_240731_170748, /mnt/homes/ychoi/entry_test/threshold/Threshold_240731_170748.root
000056, /mnt/raw/cluster_size/threshold/ThresholdScan_240731_171742.dat, /mnt/raw/cluster_size/threshold/ScanConfig_240731_171742.cfg, /mnt/homes/ychoi/entry_test/raw/Threshold_240731_171742.root, /mnt/homes/ychoi/entry_test/threshold_plot/Threshold_240731_171742, /mnt/homes/ychoi/entry_test/threshold/Threshold_240731_171742.root
000057, /mnt/raw/cluster_size/threshold/ThresholdScan_240731_172602.dat, /mnt/raw/cluster_size/threshold/ScanConfig_240731_172602.cfg, /mnt/homes/ychoi/entry_test/raw/Threshold_240731_172602.root, /mnt/homes/ychoi/entry_test/threshold_plot/Threshold_240731_172602, /mnt/homes/ychoi/entry_test/threshold/Threshold_240731_172602.root
000058, /mnt/raw/cluster_size/threshold/ThresholdScan_240731_173502.dat, /mnt/raw/cluster_size/threshold/ScanConfig_240731_173502.cfg, /mnt/homes/ychoi/entry_test/raw/Threshold_240731_173502.root, /mnt/homes/ychoi/entry_test/threshold_plot/Threshold_240731_173502, /mnt/homes/ychoi/entry_test/threshold/Threshold_240731_173502.root
000059, /mnt/raw/cluster_size/threshold/ThresholdScan_240731_174210.dat, /mnt/raw/cluster_size/threshold/ScanConfig_240731_174210.cfg, /mnt/homes/ychoi/entry_test/raw/Threshold_240731_174210.root, /mnt/homes/ychoi/entry_test/threshold_plot/Threshold_240731_174210, /mnt/homes/ychoi/entry_test/threshold/Threshold_240731_174210.root
000060, /mnt/raw/cluster_size/threshold/ThresholdScan_240731_174958.dat, /mnt/raw/cluster_size/threshold/ScanConfig_240731_174958.cfg, /mnt/homes/ychoi/entry_test/raw/Threshold_240731_174958.root, /mnt/homes/ychoi/entry_test/threshold_plot/Threshold_240731_174958, /mnt/homes/ychoi/entry_test/threshold/Threshold_240731_174958.root
000061, /mnt/raw/cluster_size/threshold/ThresholdScan_240731_175940.dat, /mnt/raw/cluster_size/threshold/ScanConfig_240731_175940.cfg, /mnt/homes/ychoi/entry_test/raw/Threshold_240731_175940.root, /mnt/homes/ychoi/entry_test/threshold_plot/Threshold_240731_175940, /mnt/homes/ychoi/entry_test/threshold/Threshold_240731_175940.root
000062, /mnt/raw/cluster_size/threshold/ThresholdScan_240731_181204.dat, /mnt/raw/cluster_size/threshold/ScanConfig_240731_181204.cfg, /mnt/homes/ychoi/entry_test/raw/Threshold_240731_181204.root, /mnt/homes/ychoi/entry_test/threshold_plot/Threshold_240731_181204, /mnt/homes/ychoi/entry_test/threshold/Threshold_240731_181204.root
000063, /mnt/raw/cluster_size/threshold/ThresholdScan_240731_181927.dat, /mnt/raw/cluster_size/threshold/ScanConfig_240731_181927.cfg, /mnt/homes/ychoi/entry_test/raw/Threshold_240731_181927.root, /mnt/homes/ychoi/entry_test/threshold_plot/Threshold_240731_181927, /mnt/homes/ychoi/entry_test/threshold/Threshold_240731_181927.root
000064, /mnt/raw/cluster_size/threshold/ThresholdScan_240731_182509.dat, /mnt/raw/cluster_size/threshold/ScanConfig_240731_182509.cfg, /mnt/homes/ychoi/entry_test/raw/Threshold_240731_182509.root, /mnt/homes/ychoi/entry_test/threshold_plot/Threshold_240731_182509, /mnt/homes/ychoi/entry_test/threshold/Threshold_240731_182509.root
000065, /mnt/raw/cluster_size/threshold/ThresholdScan_240731_185231.dat, /mnt/raw/cluster_size/threshold/ScanConfig_240731_185231.cfg, /mnt/homes/ychoi/entry_test/raw/Threshold_240731_185231.root, /mnt/homes/ychoi/entry_test/threshold_plot/Threshold_240731_185231, /mnt/homes/ychoi/entry_test/threshold/Threshold_240731_185231.root
000066, /mnt/raw/cluster_size/threshold/ThresholdScan_240731_185811.dat, /mnt/raw/cluster_size/threshold/ScanConfig_240731_185811.cfg, /mnt/homes/ychoi/entry_test/raw/Threshold_240731_185811.root, /mnt/homes/ychoi/entry_test/threshold_plot/Threshold_240731_185811, /mnt/homes/ychoi/entry_test/threshold/Threshold_240731_185811.root
000067, /mnt/raw/cluster_size/threshold/ThresholdScan_240731_190351.dat, /mnt/raw/cluster_size/threshold/ScanConfig_240731_190351.cfg, /mnt/homes/ychoi/entry_test/raw/Threshold_240731_190351.root, /mnt/homes/ychoi/entry_test/threshold_plot/Threshold_240731_190351, /mnt/homes/ychoi/entry_test/threshold/Threshold_240731_190351.root
000068, /mnt/raw/cluster_size/threshold/ThresholdScan_240731_190931.dat, /mnt/raw/cluster_size/threshold/ScanConfig_240731_190931.cfg, /mnt/homes/ychoi/entry_test/raw/Threshold_240731_190931.root, /mnt/homes/ychoi/entry_test/threshold_plot/Threshold_240731_190931, /mnt/homes/ychoi/entry_test/threshold/Threshold_240731_190931.root
000069, /mnt/raw/cluster_size/threshold/ThresholdScan_240731_191511.dat, /mnt/raw/cluster_size/threshold/ScanConfig_240731_191511.cfg, /mnt/homes/ychoi/entry_test/raw/Threshold_240731_191511.root, /mnt/homes/ychoi/entry_test/threshold_plot/Threshold_240731_191511, /mnt/homes/ychoi/entry_test/threshold/Threshold_240731_191511.root
000070, /mnt/raw/cluster_size/threshold/ThresholdScan_240731_192050.dat, /mnt/raw/cluster_size/threshold/ScanConfig_240731_192050.cfg, /mnt/homes/ychoi/entry_test/raw/Threshold_240731_192050.root, /mnt/homes/ychoi/entry_test/threshold_plot/Threshold_240731_192050, /mnt/homes/ychoi/entry_test/threshold/Threshold_240731_192050.root
000071, /mnt/raw/cluster_size/threshold/ThresholdScan_240731_192630.dat, /mnt/raw/cluster_size/threshold/ScanConfig_240731_192630.cfg, /mnt/homes/ychoi/entry_test/raw/Threshold_240731_192630.root, /mnt/homes/ychoi/entry_test/threshold_plot/Threshold_240731_192630, /mnt/homes/ychoi/entry_test/threshold/Threshold_240731_192630.root
000072, /mnt/raw/cluster_size/threshold/ThresholdScan_240731_193209.dat, /mnt/raw/cluster_size/threshold/ScanConfig_240731_193209.cfg, /mnt/homes/ychoi/entry_test/raw/Threshold_240731_193209.root, /mnt/homes/ychoi/entry_test/threshold_plot/Threshold_240731_193209, /mnt/homes/ychoi/entry_test/threshold/Threshold_240731_193209.root
000073, /mnt/raw/cluster_size/threshold/ThresholdScan_240731_193749.dat, /mnt/raw/cluster_size/threshold/ScanConfig_240731_193749.cfg, /mnt/homes/ychoi/entry_test/raw/Threshold_240731_193749.root, /mnt/homes/ychoi/entry_test/threshold_plot/Threshold_240731_193749, /mnt/homes/ychoi/entry_test/threshold/Threshold_240731_193749.root
000074, /mnt/raw/cluster_size/threshold/ThresholdScan_240731_194328.dat, /mnt/raw/cluster_size/threshold/ScanConfig_240731_194328.cfg, /mnt/homes/ychoi/entry_test/raw/Threshold_240731_194328.root, /mnt/homes/ychoi/entry_test/threshold_plot/Threshold_240731_194328, /mnt/homes/ychoi/entry_test/threshold/Threshold_240731_194328.root
000075, /mnt/raw/cluster_size/threshold/ThresholdScan_240731_194908.dat, /mnt/raw/cluster_size/threshold/ScanConfig_240731_194908.cfg, /mnt/homes/ychoi/entry_test/raw/Threshold_240731_194908.root, /mnt/homes/ychoi/entry_test/threshold_plot/Threshold_240731_194908, /mnt/homes/ychoi/entry_test/threshold/Threshold_240731_194908.root
000076, /mnt/raw/cluster_size/threshold/ThresholdScan_240731_195450.dat, /mnt/raw/cluster_size/threshold/ScanConfig_240731_195450.cfg, /mnt/homes/ychoi/entry_test/raw/Threshold_240731_195450.root, /mnt/homes/ychoi/entry_test/threshold_plot/Threshold_240731_195450, /mnt/homes/ychoi/entry_test/threshold/Threshold_240731_195450.root
000077, /mnt/raw/cluster_size/threshold/ThresholdScan_240731_200549.dat, /mnt/raw/cluster_size/threshold/ScanConfig_240731_200549.cfg, /mnt/homes/ychoi/entry_test/raw/Threshold_240731_200549.root, /mnt/homes/ychoi/entry_test/threshold_plot/Threshold_240731_200549, /mnt/homes/ychoi/entry_test/threshold/Threshold_240731_200549.root
000078, /mnt/raw/cluster_size/threshold/ThresholdScan_240731_201207.dat, /mnt/raw/cluster_size/threshold/ScanConfig_240731_201207.cfg, /mnt/homes/ychoi/entry_test/raw/Threshold_240731_201207.root, /mnt/homes/ychoi/entry_test/threshold_plot/Threshold_240731_201207, /mnt/homes/ychoi/entry_test/threshold/Threshold_240731_201207.root
000079, /mnt/raw/cluster_size/threshold/ThresholdScan_240731_201747.dat, /mnt/raw/cluster_size/threshold/ScanConfig_240731_201747.cfg, /mnt/homes/ychoi/entry_test/raw/Threshold_240731_201747.root, /mnt/homes/ychoi/entry_test/threshold_plot/Threshold_240731_201747, /mnt/homes/ychoi/entry_test/threshold/Threshold_240731_201747.root
000080, /mnt/raw/cluster_size/threshold/ThresholdScan_240731_202327.dat, /mnt/raw/cluster_size/threshold/ScanConfig_240731_202327.cfg, /mnt/homes/ychoi/entry_test/raw/Threshold_240731_202327.root, /mnt/homes/ychoi/entry_test/threshold_plot/Threshold_240731_202327, /mnt/homes/ychoi/entry_test/threshold/Threshold_240731_202327.root
000081, /mnt/raw/cluster_size/threshold/ThresholdScan_240731_202907.dat, /mnt/raw/cluster_size/threshold/ScanConfig_240731_202907.cfg, /mnt/homes/ychoi/entry_test/raw/Threshold_240731_202907.root, /mnt/homes/ychoi/entry_test/threshold_plot/Threshold_240731_202907, /mnt/homes/ychoi/entry_test/threshold/Threshold_240731_202907.root
000082, /mnt/raw/cluster_size/threshold/ThresholdScan_240731_223742.dat, /mnt/raw/cluster_size/threshold/ScanConfig_240731_223742.cfg, /mnt/homes/ychoi/entry_test/raw/Threshold_240731_223742.root, /mnt/homes/ychoi/entry_test/threshold_plot/Threshold_240731_223742, /mnt/homes/ychoi/entry_test/threshold/Threshold_240731_223742.root
000083, /mnt/raw/cluster_size/threshold/ThresholdScan_240731_224306.dat, /mnt/raw/cluster_size/threshold/ScanConfig_240731_224306.cfg, /mnt/homes/ychoi/entry_test/raw/Threshold_240731_224306.root, /mnt/homes/ychoi/entry_test/threshold_plot/Threshold_240731_224306, /mnt/homes/ychoi/entry_test/threshold/Threshold_240731_224306.root
000084, /mnt/raw/cluster_size/threshold/ThresholdScan_240731_225209.dat, /mnt/raw/cluster_size/threshold/ScanConfig_240731_225209.cfg, /mnt/homes/ychoi/entry_test/raw/Threshold_240731_225209.root, /mnt/homes/ychoi/entry_test/threshold_plot/Threshold_240731_225209, /mnt/homes/ychoi/entry_test/threshold/Threshold_240731_225209.root
000085, /mnt/raw/cluster_size/threshold/ThresholdScan_240731_225733.dat, /mnt/raw/cluster_size/threshold/ScanConfig_240731_225733.cfg, /mnt/homes/ychoi/entry_test/raw/Threshold_240731_225733.root, /mnt/homes/ychoi/entry_test/threshold_plot/Threshold_240731_225733, /mnt/homes/ychoi/entry_test/threshold/Threshold_240731_225733.root
000086, /mnt/raw/cluster_size/threshold/ThresholdScan_240731_230259.dat, /mnt/raw/cluster_size/threshold/ScanConfig_240731_230259.cfg, /mnt/homes/ychoi/entry_test/raw/Threshold_240731_230259.root, /mnt/homes/ychoi/entry_test/threshold_plot/Threshold_240731_230259, /mnt/homes/ychoi/entry_test/threshold/Threshold_240731_230259.root
000087, /mnt/raw/cluster_size/threshold/ThresholdScan_240731_230830.dat, /mnt/raw/cluster_size/threshold/ScanConfig_240731_230830.cfg, /mnt/homes/ychoi/entry_test/raw/Threshold_240731_230830.root, /mnt/homes/ychoi/entry_test/threshold_plot/Threshold_240731_230830, /mnt/homes/ychoi/entry_test/threshold/Threshold_240731_230830.root
000088, /mnt/raw/cluster_size/threshold/ThresholdScan_240731_231402.dat, /mnt/raw/cluster_size/threshold/ScanConfig_240731_231402.cfg, /mnt/homes/ychoi/entry_test/raw/Threshold_240731_231402.root, /mnt/homes/ychoi/entry_test/threshold_plot/Threshold_240731_231402, /mnt/homes/ychoi/entry_test/threshold/Threshold_240731_231402.root
000089, /mnt/raw/cluster_size/threshold/ThresholdScan_240731_231934.dat, /mnt/raw/cluster_size/threshold/ScanConfig_240731_231934.cfg, /mnt/homes/ychoi/entry_test/raw/Threshold_240731_231934.root, /mnt/homes/ychoi/entry_test/threshold_plot/Threshold_240731_231934, /mnt/homes/ychoi/entry_test/threshold/Threshold_240731_231934.root
000090, /mnt/raw/cluster_size/threshold/ThresholdScan_240731_232505.dat, /mnt/raw/cluster_size/threshold/ScanConfig_240731_232505.cfg, /mnt/homes/ychoi/entry_test/raw/Threshold_240731_232505.root, /mnt/homes/ychoi/entry_test/threshold_plot/Threshold_240731_232505, /mnt/homes/ychoi/entry_test/threshold/Threshold_240731_232505.root
000091, /mnt/raw/cluster_size/threshold/ThresholdScan_240731_233037.dat, /mnt/raw/cluster_size/threshold/ScanConfig_240731_233037.cfg, /mnt/homes/ychoi/entry_test/raw/Threshold_240731_233037.root, /mnt/homes/ychoi/entry_test/threshold_plot/Threshold_240731_233037, /mnt/homes/ychoi/entry_test/threshold/Threshold_240731_233037.root
000092, /mnt/raw/cluster_size/threshold/ThresholdScan_240801_002317.dat, /mnt/raw/cluster_size/threshold/ScanConfig_240801_002317.cfg, /mnt/homes/ychoi/entry_test/raw/Threshold_240801_002317.root, /mnt/homes/ychoi/entry_test/threshold_plot/Threshold_240801_002317, /mnt/homes/ychoi/entry_test/threshold/Threshold_240801_002317.root
000093, /mnt/raw/cluster_size/threshold/ThresholdScan_240801_002841.dat, /mnt/raw/cluster_size/threshold/ScanConfig_240801_002841.cfg, /mnt/homes/ychoi/entry_test/raw/Threshold_240801_002841.root, /mnt/homes/ychoi/entry_test/threshold_plot/Threshold_240801_002841, /mnt/homes/ychoi/entry_test/threshold/Threshold_240801_002841.root
000094, /mnt/raw/cluster_size/threshold/ThresholdScan_240801_003420.dat, /mnt/raw/cluster_size/threshold/ScanConfig_240801_003420.cfg, /mnt/homes/ychoi/entry_test/raw/Threshold_240801_003420.root, /mnt/homes/ychoi/entry_test/threshold_plot/Threshold_240801_003420, /mnt/homes/ychoi/entry_test/threshold/Threshold_240801_003420.root
000095, /mnt/raw/cluster_size/threshold/ThresholdScan_240801_004016.dat, /mnt/raw/cluster_size/threshold/ScanConfig_240801_004016.cfg, /mnt/homes/ychoi/entry_test/raw/Threshold_240801_004016.root, /mnt/homes/ychoi/entry_test/threshold_plot/Threshold_240801_004016, /mnt/homes/ychoi/entry_test/threshold/Threshold_240801_004016.root
000096, /mnt/raw/cluster_size/threshold/ThresholdScan_240801_004540.dat, /mnt/raw/cluster_size/threshold/ScanConfig_240801_004540.cfg, /mnt/homes/ychoi/entry_test/raw/Threshold_240801_004540.root, /mnt/homes/ychoi/entry_test/threshold_plot/Threshold_240801_004540, /mnt/homes/ychoi/entry_test/threshold/Threshold_240801_004540.root
000097, /mnt/raw/cluster_size/threshold/ThresholdScan_240801_005119.dat, /mnt/raw/cluster_size/threshold/ScanConfig_240801_005119.cfg, /mnt/homes/ychoi/entry_test/raw/Threshold_240801_005119.root, /mnt/homes/ychoi/entry_test/threshold_plot/Threshold_240801_005119, /mnt/homes/ychoi/entry_test/threshold/Threshold_240801_005119.root
000098, /mnt/raw/cluster_size/threshold/ThresholdScan_240801_005659.dat, /mnt/raw/cluster_size/threshold/ScanConfig_240801_005659.cfg, /mnt/homes/ychoi/entry_test/raw/Threshold_240801_005659.root, /mnt/homes/ychoi/entry_test/threshold_plot/Threshold_240801_005659, /mnt/homes/ychoi/entry_test/threshold/Threshold_240801_005659.root
000099, /mnt/raw/cluster_size/threshold/ThresholdScan_240801_010240.dat, /mnt/raw/cluster_size/threshold/ScanConfig_240801_010240.cfg, /mnt/homes/ychoi/entry_test/raw/Threshold_240801_010240.root, /mnt/homes/ychoi/entry_test/threshold_plot/Threshold_240801_010240, /mnt/homes/ychoi/entry_test/threshold/Threshold_240801_010240.root
000100, /mnt/raw/cluster_size/threshold/ThresholdScan_240801_010820.dat, /mnt/raw/cluster_size/threshold/ScanConfig_240801_010820.cfg, /mnt/homes/ychoi/entry_test/raw/Threshold_240801_010820.root, /mnt/homes/ychoi/entry_test/threshold_plot/Threshold_240801_010820, /mnt/homes/ychoi/entry_test/threshold/Threshold_240801_010820.root
000101, /mnt/raw/cluster_size/threshold/ThresholdScan_240801_011400.dat, /mnt/raw/cluster_size/threshold/ScanConfig_240801_011400.cfg, /mnt/homes/ychoi/entry_test/raw/Threshold_240801_011400.root, /mnt/homes/ychoi/entry_test/threshold_plot/Threshold_240801_011400, /mnt/homes/ychoi/entry_test/threshold/Threshold_240801_011400.root
000102, /mnt/raw/cluster_size/threshold/ThresholdScan_240801_011940.dat, /mnt/raw/cluster_size/threshold/ScanConfig_240801_011940.cfg, /mnt/homes/ychoi/entry_test/raw/Threshold_240801_011940.root, /mnt/homes/ychoi/entry_test/threshold_plot/Threshold_240801_011940, /mnt/homes/ychoi/entry_test/threshold/Threshold_240801_011940.root
000103, /mnt/raw/cluster_size/threshold/ThresholdScan_240801_012520.dat, /mnt/raw/cluster_size/threshold/ScanConfig_240801_012520.cfg, /mnt/homes/ychoi/entry_test/raw/Threshold_240801_012520.root, /mnt/homes/ychoi/entry_test/threshold_plot/Threshold_240801_012520, /mnt/homes/ychoi/entry_test/threshold/Threshold_240801_012520.root
000104, /mnt/raw/cluster_size/threshold/ThresholdScan_240801_013100.dat, /mnt/raw/cluster_size/threshold/ScanConfig_240801_013100.cfg, /mnt/homes/ychoi/entry_test/raw/Threshold_240801_013100.root, /mnt/homes/ychoi/entry_test/threshold_plot/Threshold_240801_013100, /mnt/homes/ychoi/entry_test/threshold/Threshold_240801_013100.root
000105, /mnt/raw/cluster_size/threshold/ThresholdScan_240801_013639.dat, /mnt/raw/cluster_size/threshold/ScanConfig_240801_013639.cfg, /mnt/homes/ychoi/entry_test/raw/Threshold_240801_013639.root, /mnt/homes/ychoi/entry_test/threshold_plot/Threshold_240801_013639, /mnt/homes/ychoi/entry_test/threshold/Threshold_240801_013639.root
000106, /mnt/raw/cluster_size/threshold/ThresholdScan_240801_014219.dat, /mnt/raw/cluster_size/threshold/ScanConfig_240801_014219.cfg, /mnt/homes/ychoi/entry_test/raw/Threshold_240801_014219.root, /mnt/homes/ychoi/entry_test/threshold_plot/Threshold_240801_014219, /mnt/homes/ychoi/entry_test/threshold/Threshold_240801_014219.root
000107, /mnt/raw/cluster_size/threshold/ThresholdScan_240801_014759.dat, /mnt/raw/cluster_size/threshold/ScanConfig_240801_014759.cfg, /mnt/homes/ychoi/entry_test/raw/Threshold_240801_014759.root, /mnt/homes/ychoi/entry_test/threshold_plot/Threshold_240801_014759, /mnt/homes/ychoi/entry_test/threshold/Threshold_240801_014759.root
000108, /mnt/raw/cluster_size/threshold/ThresholdScan_240801_015340.dat, /mnt/raw/cluster_size/threshold/ScanConfig_240801_015340.cfg, /mnt/homes/ychoi/entry_test/raw/Threshold_240801_015340.root, /mnt/homes/ychoi/entry_test/threshold_plot/Threshold_240801_015340, /mnt/homes/ychoi/entry_test/threshold/Threshold_240801_015340.root
000109, /mnt/raw/cluster_size/threshold/ThresholdScan_240801_015920.dat, /mnt/raw/cluster_size/threshold/ScanConfig_240801_015920.cfg, /mnt/homes/ychoi/entry_test/raw/Threshold_240801_015920.root, /mnt/homes/ychoi/entry_test/threshold_plot/Threshold_240801_015920, /mnt/homes/ychoi/entry_test/threshold/Threshold_240801_015920.root
000110, /mnt/raw/cluster_size/threshold/ThresholdScan_240801_020500.dat, /mnt/raw/cluster_size/threshold/ScanConfig_240801_020500.cfg, /mnt/homes/ychoi/entry_test/raw/Threshold_240801_020500.root, /mnt/homes/ychoi/entry_test/threshold_plot/Threshold_240801_020500, /mnt/homes/ychoi/entry_test/threshold/Threshold_240801_020500.root
000111, /mnt/raw/cluster_size/threshold/ThresholdScan_240801_021040.dat, /mnt/raw/cluster_size/threshold/ScanConfig_240801_021040.cfg, /mnt/homes/ychoi/entry_test/raw/Threshold_240801_021040.root, /mnt/homes/ychoi/entry_test/threshold_plot/Threshold_240801_021040, /mnt/homes/ychoi/entry_test/threshold/Threshold_240801_021040.root
000112, /mnt/raw/cluster_size/threshold/ThresholdScan_240801_021620.dat, /mnt/raw/cluster_size/threshold/ScanConfig_240801_021620.cfg, /mnt/homes/ychoi/entry_test/raw/Threshold_240801_021620.root, /mnt/homes/ychoi/entry_test/threshold_plot/Threshold_240801_021620, /mnt/homes/ychoi/entry_test/threshold/Threshold_240801_021620.root
000113, /mnt/raw/cluster_size/threshold/ThresholdScan_240801_022200.dat, /mnt/raw/cluster_size/threshold/ScanConfig_240801_022200.cfg, /mnt/homes/ychoi/entry_test/raw/Threshold_240801_022200.root, /mnt/homes/ychoi/entry_test/threshold_plot/Threshold_240801_022200, /mnt/homes/ychoi/entry_test/threshold/Threshold_240801_022200.root
000114, /mnt/raw/cluster_size/threshold/ThresholdScan_240801_022740.dat, /mnt/raw/cluster_size/threshold/ScanConfig_240801_022740.cfg, /mnt/homes/ychoi/entry_test/raw/Threshold_240801_022740.root, /mnt/homes/ychoi/entry_test/threshold_plot/Threshold_240801_022740, /mnt/homes/ychoi/entry_test/threshold/Threshold_240801_022740.root
000115, /mnt/raw/cluster_size/threshold/ThresholdScan_240801_023319.dat, /mnt/raw/cluster_size/threshold/ScanConfig_240801_023319.cfg, /mnt/homes/ychoi/entry_test/raw/Threshold_240801_023319.root, /mnt/homes/ychoi/entry_test/threshold_plot/Threshold_240801_023319, /mnt/homes/ychoi/entry_test/threshold/Threshold_240801_023319.root
000116, /mnt/raw/cluster_size/threshold/ThresholdScan_240801_023859.dat, /mnt/raw/cluster_size/threshold/ScanConfig_240801_023859.cfg, /mnt/homes/ychoi/entry_test/raw/Threshold_240801_023859.root, /mnt/homes/ychoi/entry_test/threshold_plot/Threshold_240801_023859, /mnt/homes/ychoi/entry_test/threshold/Threshold_240801_023859.root
000117, /mnt/raw/cluster_size/threshold/ThresholdScan_240801_024426.dat, /mnt/raw/cluster_size/threshold/ScanConfig_240801_024426.cfg, /mnt/homes/ychoi/entry_test/raw/Threshold_240801_024426.root, /mnt/homes/ychoi/entry_test/threshold_plot/Threshold_240801_024426, /mnt/homes/ychoi/entry_test/threshold/Threshold_240801_024426.root
000118, /mnt/raw/cluster_size/threshold/ThresholdScan_240801_024949.dat, /mnt/raw/cluster_size/threshold/ScanConfig_240801_024949.cfg, /mnt/homes/ychoi/entry_test/raw/Threshold_240801_024949.root, /mnt/homes/ychoi/entry_test/threshold_plot/Threshold_240801_024949, /mnt/homes/ychoi/entry_test/threshold/Threshold_240801_024949.root
000119, /mnt/raw/cluster_size/threshold/ThresholdScan_240801_170005.dat, /mnt/raw/cluster_size/threshold/ScanConfig_240801_170005.cfg, /mnt/homes/ychoi/entry_test/raw/Threshold_240801_170005.root, /mnt/homes/ychoi/entry_test/threshold_plot/Threshold_240801_170005, /mnt/homes/ychoi/entry_test/threshold/Threshold_240801_170005.root
000120, /mnt/raw/cluster_size/threshold/ThresholdScan_240801_171254.dat, /mnt/raw/cluster_size/threshold/ScanConfig_240801_171254.cfg, /mnt/homes/ychoi/entry_test/raw/Threshold_240801_171254.root, /mnt/homes/ychoi/entry_test/threshold_plot/Threshold_240801_171254, /mnt/homes/ychoi/entry_test/threshold/Threshold_240801_171254.root
000121, /mnt/raw/cluster_size/threshold/ThresholdScan_240801_185447.dat, /mnt/raw/cluster_size/threshold/ScanConfig_240801_185447.cfg, /mnt/homes/ychoi/entry_test/raw/Threshold_240801_185447.root, /mnt/homes/ychoi/entry_test/threshold_plot/Threshold_240801_185447, /mnt/homes/ychoi/entry_test/threshold/Threshold_240801_185447.root
000122, /mnt/raw/cluster_size/threshold/ThresholdScan_240816_143303.dat, /mnt/raw/cluster_size/threshold/ScanConfig_240816_143303.cfg, /mnt/homes/ychoi/entry_test/raw/Threshold_240816_143303.root, /mnt/homes/ychoi/entry_test/threshold_plot/Threshold_240816_143303, /mnt/homes/ychoi/entry_test/threshold/Threshold_240816_143303.root
000123, /mnt/raw/cluster_size/threshold/ThresholdScan_240816_164647.dat, /mnt/raw/cluster_size/threshold/ScanConfig_240816_164647.cfg, /mnt/homes/ychoi/entry_test/raw/Threshold_240816_164647.root, /mnt/homes/ychoi/entry_test/threshold_plot/Threshold_240816_164647, /mnt/homes/ychoi/entry_test/threshold/Threshold_240816_164647.root
000124, /mnt/raw/cluster_size/threshold/ThresholdScan_240314_173359.dat, /mnt/raw/cluster_size/threshold/ScanConfig_240314_173359.cfg, /mnt/homes/ychoi/entry_test/raw/Threshold_240314_173359.root, /mnt/homes/ychoi/entry_test/threshold_plot/Threshold_240314_173359, /mnt/homes/ychoi/entry_test/threshold/Threshold_240314_173359.root
000125, /mnt/raw/cluster_size/threshold/ThresholdScan_240819_124218.dat, /mnt/raw/cluster_size/threshold/ScanConfig_240819_124218.cfg, /mnt/homes/ychoi/entry_test/raw/Threshold_240819_124218.root, /mnt/homes/ychoi/entry_test/threshold_plot/Threshold_240819_124218, /mnt/homes/ychoi/entry_test/threshold/Threshold_240819_124218.root
000126, /mnt/raw/cluster_size/threshold/ThresholdScan_240819_135954.dat, /mnt/raw/cluster_size/threshold/ScanConfig_240819_135954.cfg, /mnt/homes/ychoi/entry_test/raw/Threshold_240819_135954.root, /mnt/homes/ychoi/entry_test/threshold_plot/Threshold_240819_135954, /mnt/homes/ychoi/entry_test/threshold/Threshold_240819_135954.root
000127, /mnt/raw/cluster_size/threshold/ThresholdScan_240821_154340.dat, /mnt/raw/cluster_size/threshold/ScanConfig_240821_154340.cfg, /mnt/homes/ychoi/entry_test/raw/Threshold_240821_154340.root, /mnt/homes/ychoi/entry_test/threshold_plot/Threshold_240821_154340, /mnt/homes/ychoi/entry_test/threshold/Threshold_240821_154340.root
000128, /mnt/raw/cluster_size/threshold/ThresholdScan_240821_160156.dat, /mnt/raw/cluster_size/threshold/ScanConfig_240821_160156.cfg, /mnt/homes/ychoi/entry_test/raw/Threshold_240821_160156.root, /mnt/homes/ychoi/entry_test/threshold_plot/Threshold_240821_160156, /mnt/homes/ychoi/entry_test/threshold/Threshold_240821_160156.root
000129, /mnt/raw/cluster_size/threshold/ThresholdScan_240821_160807.dat, /mnt/raw/cluster_size/threshold/ScanConfig_240821_160807.cfg, /mnt/homes/ychoi/entry_test/raw/Threshold_240821_160807.root, /mnt/homes/ychoi/entry_test/threshold_plot/Threshold_240821_160807, /mnt/homes/ychoi/entry_test/threshold/Threshold_240821_160807.root
000130, /mnt/raw/cluster_size/threshold/ThresholdScan_240821_163825.dat, /mnt/raw/cluster_size/threshold/ScanConfig_240821_163825.cfg, /mnt/homes/ychoi/entry_test/raw/Threshold_240821_163825.root, /mnt/homes/ychoi/entry_test/threshold_plot/Threshold_240821_163825, /mnt/homes/ychoi/entry_test/threshold/Threshold_240821_163825.root
000131, /mnt/raw/cluster_size/threshold/ThresholdScan_240821_173005.dat, /mnt/raw/cluster_size/threshold/ScanConfig_240821_173005.cfg, /mnt/homes/ychoi/entry_test/raw/Threshold_240821_173005.root, /mnt/homes/ychoi/entry_test/threshold_plot/Threshold_240821_173005, /mnt/homes/ychoi/entry_test/threshold/Threshold_240821_173005.root
000132, /mnt/raw/cluster_size/threshold/ThresholdScan_240821_213537.dat, /mnt/raw/cluster_size/threshold/ScanConfig_240821_213537.cfg, /mnt/homes/ychoi/entry_test/raw/Threshold_240821_213537.root, /mnt/homes/ychoi/entry_test/threshold_plot/Threshold_240821_213537, /mnt/homes/ychoi/entry_test/threshold/Threshold_240821_213537.root
000133, /mnt/raw/cluster_size/threshold/ThresholdScan_240821_214536.dat, /mnt/raw/cluster_size/threshold/ScanConfig_240821_214536.cfg, /mnt/homes/ychoi/entry_test/raw/Threshold_240821_214536.root, /mnt/homes/ychoi/entry_test/threshold_plot/Threshold_240821_214536, /mnt/homes/ychoi/entry_test/threshold/Threshold_240821_214536.root
000134, /mnt/raw/cluster_size/threshold/ThresholdScan_240826_164033.dat, /mnt/raw/cluster_size/threshold/ScanConfig_240826_164033.cfg, /mnt/homes/ychoi/entry_test/raw/Threshold_240826_164033.root, /mnt/homes/ychoi/entry_test/threshold_plot/Threshold_240826_164033, /mnt/homes/ychoi/entry_test/threshold/Threshold_240826_164033.root
000135, /mnt/raw/cluster_size/threshold/ThresholdScan_240828_160957.dat, /mnt/raw/cluster_size/threshold/ScanConfig_240828_160957.cfg, /mnt/homes/ychoi/entry_test/raw/Threshold_240828_160957.root, /mnt/homes/ychoi/entry_test/threshold_plot/Threshold_240828_160957, /mnt/homes/ychoi/entry_test/threshold/Threshold_240828_160957.root
000136, /mnt/raw/cluster_size/threshold/ThresholdScan_240829_140315.dat, /mnt/raw/cluster_size/threshold/ScanConfig_240829_140315.cfg, /mnt/homes/ychoi/entry_test/raw/Threshold_240829_140315.root, /mnt/homes/ychoi/entry_test/threshold_plot/Threshold_240829_140315, /mnt/homes/ychoi/entry_test/threshold/Threshold_240829_140315.root
000137, /mnt/raw/cluster_size/threshold/ThresholdScan_240902_180838.dat, /mnt/raw/cluster_size/threshold/ScanConfig_240902_180838.cfg, /mnt/homes/ychoi/entry_test/raw/Threshold_240902_180838.root, /mnt/homes/ychoi/entry_test/threshold_plot/Threshold_240902_180838, /mnt/homes/ychoi/entry_test/threshold/Threshold_240902_180838.root
000138, /mnt/raw/cluster_size/threshold/ThresholdScan_240902_181726.dat, /mnt/raw/cluster_size/threshold/ScanConfig_240902_181726.cfg, /mnt/homes/ychoi/entry_test/raw/Threshold_240902_181726.root, /mnt/homes/ychoi/entry_test/threshold_plot/Threshold_240902_181726, /mnt/homes/ychoi/entry_test/threshold/Threshold_240902_181726.root
000139, /mnt/raw/cluster_size/threshold/ThresholdScan_240902_185159.dat, /mnt/raw/cluster_size/threshold/ScanConfig_240902_185159.cfg, /mnt/homes/ychoi/entry_test/raw/Threshold_240902_185159.root, /mnt/homes/ychoi/entry_test/threshold_plot/Threshold_240902_185159, /mnt/homes/ychoi/entry_test/threshold/Threshold_240902_185159.root
000140, /mnt/raw/cluster_size/threshold/ThresholdScan_240902_185734.dat, /mnt/raw/cluster_size/threshold/ScanConfig_240902_185734.cfg, /mnt/homes/ychoi/entry_test/raw/Threshold_240902_185734.root, /mnt/homes/ychoi/entry_test/threshold_plot/Threshold_240902_185734, /mnt/homes/ychoi/entry_test/threshold/Threshold_240902_185734.root
000141, /mnt/raw/cluster_size/threshold/ThresholdScan_240904_172820.dat, /mnt/raw/cluster_size/threshold/ScanConfig_240904_172820.cfg, /mnt/homes/ychoi/entry_test/raw/Threshold_240904_172820.root, /mnt/homes/ychoi/entry_test/threshold_plot/Threshold_240904_172820, /mnt/homes/ychoi/entry_test/threshold/Threshold_240904_172820.root
000142, /mnt/raw/cluster_size/threshold/ThresholdScan_240904_175311.dat, /mnt/raw/cluster_size/threshold/ScanConfig_240904_175311.cfg, /mnt/homes/ychoi/entry_test/raw/Threshold_240904_175311.root, /mnt/homes/ychoi/entry_test/threshold_plot/Threshold_240904_175311, /mnt/homes/ychoi/entry_test/threshold/Threshold_240904_175311.root
000143, /mnt/raw/cluster_size/threshold/ThresholdScan_240911_183249.dat, /mnt/raw/cluster_size/threshold/ScanConfig_240911_183249.cfg, /mnt/homes/ychoi/entry_test/raw/Threshold_240911_183249.root, /mnt/homes/ychoi/entry_test/threshold_plot/Threshold_240911_183249, /mnt/homes/ychoi/entry_test/threshold/Threshold_240911_183249.root
000144, /mnt/raw/cluster_size/threshold/ThresholdScan_240913_142019.dat, /mnt/raw/cluster_size/threshold/ScanConfig_240913_142019.cfg, /mnt/homes/ychoi/entry_test/raw/Threshold_240913_142019.root, /mnt/homes/ychoi/entry_test/threshold_plot/Threshold_240913_142019, /mnt/homes/ychoi/entry_test/threshold/Threshold_240913_142019.root
000145, /mnt/raw/cluster_size/threshold/ThresholdScan_240919_125532.dat, /mnt/raw/cluster_size/threshold/ScanConfig_240919_125532.cfg, /mnt/homes/ychoi/entry_test/raw/Threshold_240919_125532.root, /mnt/homes/ychoi/entry_test/threshold_plot/Threshold_240919_125532, /mnt/homes/ychoi/entry_test/threshold/Threshold_240919_125532.root
000146, /mnt/raw/cluster_size/threshold/ThresholdScan_240919_131121.dat, /mnt/raw/cluster_size/threshold/ScanConfig_240919_131121.cfg, /mnt/homes/ychoi/entry_test/raw/Threshold_240919_131121.root, /mnt/homes/ychoi/entry_test/threshold_plot/Threshold_240919_131121, /mnt/homes/ychoi/entry_test/threshold/Threshold_240919_131121.root
000147, /mnt/raw/cluster_size/threshold/ThresholdScan_240919_132711.dat, /mnt/raw/cluster_size/threshold/ScanConfig_240919_132711.cfg, /mnt/homes/ychoi/entry_test/raw/Threshold_240919_132711.root, /mnt/homes/ychoi/entry_test/threshold_plot/Threshold_240919_132711, /mnt/homes/ychoi/entry_test/threshold/Threshold_240919_132711.root
000148, /mnt/raw/cluster_size/threshold/ThresholdScan_240919_134301.dat, /mnt/raw/cluster_size/threshold/ScanConfig_240919_134301.cfg, /mnt/homes/ychoi/entry_test/raw/Threshold_240919_134301.root, /mnt/homes/ychoi/entry_test/threshold_plot/Threshold_240919_134301, /mnt/homes/ychoi/entry_test/threshold/Threshold_240919_134301.root
000149, /mnt/raw/cluster_size/threshold/ThresholdScan_240919_135850.dat, /mnt/raw/cluster_size/threshold/ScanConfig_240919_135850.cfg, /mnt/homes/ychoi/entry_test/raw/Threshold_240919_135850.root, /mnt/homes/ychoi/entry_test/threshold_plot/Threshold_240919_135850, /mnt/homes/ychoi/entry_test/threshold/Threshold_240919_135850.root
000150, /mnt/raw/cluster_size/threshold/ThresholdScan_240919_145854.dat, /mnt/raw/cluster_size/threshold/ScanConfig_240919_145854.cfg, /mnt/homes/ychoi/entry_test/raw/Threshold_240919_145854.root, /mnt/homes/ychoi/entry_test/threshold_plot/Threshold_240919_145854, /mnt/homes/ychoi/entry_test/threshold/Threshold_240919_145854.root
000151, /mnt/raw/cluster_size/threshold/ThresholdScan_240919_151944.dat, /mnt/raw/cluster_size/threshold/ScanConfig_240919_151944.cfg, /mnt/homes/ychoi/entry_test/raw/Threshold_240919_151944.root, /mnt/homes/ychoi/entry_test/threshold_plot/Threshold_240919_151944, /mnt/homes/ychoi/entry_test/threshold/Threshold_240919_151944.root
000152, /mnt/raw/cluster_size/threshold/ThresholdScan_240919_154034.dat, /mnt/raw/cluster_size/threshold/ScanConfig_240919_154034.cfg, /mnt/homes/ychoi/entry_test/raw/Threshold_240919_154034.root, /mnt/homes/ychoi/entry_test/threshold_plot/Threshold_240919_154034, /mnt/homes/ychoi/entry_test/threshold/Threshold_240919_154034.root
000153, /mnt/raw/cluster_size/threshold/ThresholdScan_240919_160124.dat, /mnt/raw/cluster_size/threshold/ScanConfig_240919_160124.cfg, /mnt/homes/ychoi/entry_test/raw/Threshold_240919_160124.root, /mnt/homes/ychoi/entry_test/threshold_plot/Threshold_240919_160124, /mnt/homes/ychoi/entry_test/threshold/Threshold_240919_160124.root
000154, /mnt/raw/cluster_size/threshold/ThresholdScan_240919_162214.dat, /mnt/raw/cluster_size/threshold/ScanConfig_240919_162214.cfg, /mnt/homes/ychoi/entry_test/raw/Threshold_240919_162214.root, /mnt/homes/ychoi/entry_test/threshold_plot/Threshold_240919_162214, /mnt/homes/ychoi/entry_test/threshold/Threshold_240919_162214.root
000155, /mnt/raw/cluster_size/threshold/ThresholdScan_240919_165930.dat, /mnt/raw/cluster_size/threshold/ScanConfig_240919_165930.cfg, /mnt/homes/ychoi/entry_test/raw/Threshold_240919_165930.root, /mnt/homes/ychoi/entry_test/threshold_plot/Threshold_240919_165930, /mnt/homes/ychoi/entry_test/threshold/Threshold_240919_165930.root
000156, /mnt/raw/cluster_size/threshold/ThresholdScan_240921_195815.dat, /mnt/raw/cluster_size/threshold/ScanConfig_240921_195815.cfg, /mnt/homes/ychoi/entry_test/raw/Threshold_240921_195815.root, /mnt/homes/ychoi/entry_test/threshold_plot/Threshold_240921_195815, /mnt/homes/ychoi/entry_test/threshold/Threshold_240921_195815.root
000157, /mnt/raw/cluster_size/threshold/ThresholdScan_240923_180118.dat, /mnt/raw/cluster_size/threshold/ScanConfig_240923_180118.cfg, /mnt/homes/ychoi/entry_test/raw/Threshold_240923_180118.root, /mnt/homes/ychoi/entry_test/threshold_plot/Threshold_240923_180118, /mnt/homes/ychoi/entry_test/threshold/Threshold_240923_180118.root
000158, /mnt/raw/cluster_size/threshold/ThresholdScan_240924_170434.dat, /mnt/raw/cluster_size/threshold/ScanConfig_240924_170434.cfg, /mnt/homes/ychoi/entry_test/raw/Threshold_240924_170434.root, /mnt/homes/ychoi/entry_test/threshold_plot/Threshold_240924_170434, /mnt/homes/ychoi/entry_test/threshold/Threshold_240924_170434.root
000159, /mnt/raw/cluster_size/threshold/ThresholdScan_240925_171856.dat, /mnt/raw/cluster_size/threshold/ScanConfig_240925_171856.cfg, /mnt/homes/ychoi/entry_test/raw/Threshold_240925_171856.root, /mnt/homes/ychoi/entry_test/threshold_plot/Threshold_240925_171856, /mnt/homes/ychoi/entry_test/threshold/Threshold_240925_171856.root
000160, /mnt/raw/cluster_size/threshold/ThresholdScan_240926_175237.dat, /mnt/raw/cluster_size/threshold/ScanConfig_240926_175237.cfg, /mnt/homes/ychoi/entry_test/raw/Threshold_240926_175237.root, /mnt/homes/ychoi/entry_test/threshold_plot/Threshold_240926_175237, /mnt/homes/ychoi/entry_test/threshold/Threshold_240926_175237.root
000161, /mnt/raw/cluster_size/threshold/ThresholdScan_240927_133227.dat, /mnt/raw/cluster_size/threshold/ScanConfig_240927_133227.cfg, /mnt/homes/ychoi/entry_test/raw/Threshold_240927_133227.root, /mnt/homes/ychoi/entry_test/threshold_plot/Threshold_240927_133227, /mnt/homes/ychoi/entry_test/threshold/Threshold_240927_133227.root
000162, /mnt/raw/cluster_size/threshold/ThresholdScan_241014_171744.dat, /mnt/raw/cluster_size/threshold/ScanConfig_241014_171744.cfg, /mnt/homes/ychoi/entry_test/raw/Threshold_241014_171744.root, /mnt/homes/ychoi/entry_test/threshold_plot/Threshold_241014_171744, /mnt/homes/ychoi/entry_test/threshold/Threshold_241014_171744.root
000163, /mnt/raw/cluster_size/threshold/ThresholdScan_241014_174752.dat, /mnt/raw/cluster_size/threshold/ScanConfig_241014_174752.cfg, /mnt/homes/ychoi/entry_test/raw/Threshold_241014_174752.root, /mnt/homes/ychoi/entry_test/threshold_plot/Threshold_241014_174752, /mnt/homes/ychoi/entry_test/threshold/Threshold_241014_174752.root
000164, /mnt/raw/cluster_size/threshold/ThresholdScan_241101_200405.dat, /mnt/raw/cluster_size/threshold/ScanConfig_241101_200405.cfg, /mnt/homes/ychoi/entry_test/raw/Threshold_241101_200405.root, /mnt/homes/ychoi/entry_test/threshold_plot/Threshold_241101_200405, /mnt/homes/ychoi/entry_test/threshold/Threshold_241101_200405.root
000165, /mnt/raw/cluster_size/threshold/ThresholdScan_241102_181929.dat, /mnt/raw/cluster_size/threshold/ScanConfig_241102_181929.cfg, /mnt/homes/ychoi/entry_test/raw/Threshold_241102_181929.root, /mnt/homes/ychoi/entry_test/threshold_plot/Threshold_241102_181929, /mnt/homes/ychoi/entry_test/threshold/Threshold_241102_181929.root
000166, /mnt/raw/cluster_size/threshold/ThresholdScan_241104_133459.dat, /mnt/raw/cluster_size/threshold/ScanConfig_241104_133459.cfg, /mnt/homes/ychoi/entry_test/raw/Threshold_241104_133459.root, /mnt/homes/ychoi/entry_test/threshold_plot/Threshold_241104_133459, /mnt/homes/ychoi/entry_test/threshold/Threshold_241104_133459.root
000167, /mnt/raw/cluster_size/threshold/ThresholdScan_241104_154213.dat, /mnt/raw/cluster_size/threshold/ScanConfig_241104_154213.cfg, /mnt/homes/ychoi/entry_test/raw/Threshold_241104_154213.root, /mnt/homes/ychoi/entry_test/threshold_plot/Threshold_241104_154213, /mnt/homes/ychoi/entry_test/threshold/Threshold_241104_154213.root
000168, /mnt/raw/cluster_size/threshold/ThresholdScan_241104_180356.dat, /mnt/raw/cluster_size/threshold/ScanConfig_241104_180356.cfg, /mnt/homes/ychoi/entry_test/raw/Threshold_241104_180356.root, /mnt/homes/ychoi/entry_test/threshold_plot/Threshold_241104_180356, /mnt/homes/ychoi/entry_test/threshold/Threshold_241104_180356.root
000169, /mnt/raw/cluster_size/threshold/ThresholdScan_241105_160211.dat, /mnt/raw/cluster_size/threshold/ScanConfig_241105_160211.cfg, /mnt/homes/ychoi/entry_test/raw/Threshold_241105_160211.root, /mnt/homes/ychoi/entry_test/threshold_plot/Threshold_241105_160211, /mnt/homes/ychoi/entry_test/threshold/Threshold_241105_160211.root
000170, /mnt/raw/cluster_size/threshold/ThresholdScan_241106_194553.dat, /mnt/raw/cluster_size/threshold/ScanConfig_241106_194553.cfg, /mnt/homes/ychoi/entry_test/raw/Threshold_241106_194553.root, /mnt/homes/ychoi/entry_test/threshold_plot/Threshold_241106_194553, /mnt/homes/ychoi/entry_test/threshold/Threshold_241106_194553.root
000171, /mnt/raw/cluster_size/threshold/ThresholdScan_241106_201114.dat, /mnt/raw/cluster_size/threshold/ScanConfig_241106_201114.cfg, /mnt/homes/ychoi/entry_test/raw/Threshold_241106_201114.root, /mnt/homes/ychoi/entry_test/threshold_plot/Threshold_241106_201114, /mnt/homes/ychoi/entry_test/threshold/Threshold_241106_201114.root
000172, /mnt/raw/cluster_size/threshold/ThresholdScan_241107_134136.dat, /mnt/raw/cluster_size/threshold/ScanConfig_241107_134136.cfg, /mnt/homes/ychoi/entry_test/raw/Threshold_241107_134136.root, /mnt/homes/ychoi/entry_test/threshold_plot/Threshold_241107_134136, /mnt/homes/ychoi/entry_test/threshold/Threshold_241107_134136.root
000173, /mnt/raw/cluster_size/threshold/ThresholdScan_241113_160309.dat, /mnt/raw/cluster_size/threshold/ScanConfig_241113_160309.cfg, /mnt/homes/ychoi/entry_test/raw/Threshold_241113_160309.root, /mnt/homes/ychoi/entry_test/threshold_plot/Threshold_241113_160309, /mnt/homes/ychoi/entry_test/threshold/Threshold_241113_160309.root
000174, /mnt/raw/cluster_size/threshold/ThresholdScan_241113_163305.dat, /mnt/raw/cluster_size/threshold/ScanConfig_241113_163305.cfg, /mnt/homes/ychoi/entry_test/raw/Threshold_241113_163305.root, /mnt/homes/ychoi/entry_test/threshold_plot/Threshold_241113_163305, /mnt/homes/ychoi/entry_test/threshold/Threshold_241113_163305.root
000175, /mnt/raw/cluster_size/threshold/ThresholdScan_241113_165758.dat, /mnt/raw/cluster_size/threshold/ScanConfig_241113_165758.cfg, /mnt/homes/ychoi/entry_test/raw/Threshold_241113_165758.root, /mnt/homes/ychoi/entry_test/threshold_plot/Threshold_241113_165758, /mnt/homes/ychoi/entry_test/threshold/Threshold_241113_165758.root
000176, /mnt/raw/cluster_size/threshold/ThresholdScan_241113_171606.dat, /mnt/raw/cluster_size/threshold/ScanConfig_241113_171606.cfg, /mnt/homes/ychoi/entry_test/raw/Threshold_241113_171606.root, /mnt/homes/ychoi/entry_test/threshold_plot/Threshold_241113_171606, /mnt/homes/ychoi/entry_test/threshold/Threshold_241113_171606.root
000177, /mnt/raw/cluster_size/threshold/ThresholdScan_241113_183513.dat, /mnt/raw/cluster_size/threshold/ScanConfig_241113_183513.cfg, /mnt/homes/ychoi/entry_test/raw/Threshold_241113_183513.root, /mnt/homes/ychoi/entry_test/threshold_plot/Threshold_241113_183513, /mnt/homes/ychoi/entry_test/threshold/Threshold_241113_183513.root
000178, /mnt/raw/cluster_size/threshold/ThresholdScan_241113_193331.dat, /mnt/raw/cluster_size/threshold/ScanConfig_241113_193331.cfg, /mnt/homes/ychoi/entry_test/raw/Threshold_241113_193331.root, /mnt/homes/ychoi/entry_test/threshold_plot/Threshold_241113_193331, /mnt/homes/ychoi/entry_test/threshold/Threshold_241113_193331.root
000179, /mnt/raw/cluster_size/threshold/ThresholdScan_241113_213242.dat, /mnt/raw/cluster_size/threshold/ScanConfig_241113_213242.cfg, /mnt/homes/ychoi/entry_test/raw/Threshold_241113_213242.root, /mnt/homes/ychoi/entry_test/threshold_plot/Threshold_241113_213242, /mnt/homes/ychoi/entry_test/threshold/Threshold_241113_213242.root
000180, /mnt/raw/cluster_size/threshold/ThresholdScan_241113_221914.dat, /mnt/raw/cluster_size/threshold/ScanConfig_241113_221914.cfg, /mnt/homes/ychoi/entry_test/raw/Threshold_241113_221914.root, /mnt/homes/ychoi/entry_test/threshold_plot/Threshold_241113_221914, /mnt/homes/ychoi/entry_test/threshold/Threshold_241113_221914.root
000181, /mnt/raw/cluster_size/threshold/ThresholdScan_241113_224030.dat, /mnt/raw/cluster_size/threshold/ScanConfig_241113_224030.cfg, /mnt/homes/ychoi/entry_test/raw/Threshold_241113_224030.root, /mnt/homes/ychoi/entry_test/threshold_plot/Threshold_241113_224030, /mnt/homes/ychoi/entry_test/threshold/Threshold_241113_224030.root
000182, /mnt/raw/cluster_size/threshold/ThresholdScan_241114_153812.dat, /mnt/raw/cluster_size/threshold/ScanConfig_241114_153812.cfg, /mnt/homes/ychoi/entry_test/raw/Threshold_241114_153812.root, /mnt/homes/ychoi/entry_test/threshold_plot/Threshold_241114_153812, /mnt/homes/ychoi/entry_test/threshold/Threshold_241114_153812.root
000183, /mnt/raw/cluster_size/threshold/ThresholdScan_241114_181410.dat, /mnt/raw/cluster_size/threshold/ScanConfig_241114_181410.cfg, /mnt/homes/ychoi/entry_test/raw/Threshold_241114_181410.root, /mnt/homes/ychoi/entry_test/threshold_plot/Threshold_241114_181410, /mnt/homes/ychoi/entry_test/threshold/Threshold_241114_181410.root
000184, /mnt/raw/cluster_size/threshold/ThresholdScan_241114_183533.dat, /mnt/raw/cluster_size/threshold/ScanConfig_241114_183533.cfg, /mnt/homes/ychoi/entry_test/raw/Threshold_241114_183533.root, /mnt/homes/ychoi/entry_test/threshold_plot/Threshold_241114_183533, /mnt/homes/ychoi/entry_test/threshold/Threshold_241114_183533.root
000185, /mnt/raw/cluster_size/threshold/ThresholdScan_241114_194801.dat, /mnt/raw/cluster_size/threshold/ScanConfig_241114_194801.cfg, /mnt/homes/ychoi/entry_test/raw/Threshold_241114_194801.root, /mnt/homes/ychoi/entry_test/threshold_plot/Threshold_241114_194801, /mnt/homes/ychoi/entry_test/threshold/Threshold_241114_194801.root
000186, /mnt/raw/cluster_size/threshold/ThresholdScan_241114_201635.dat, /mnt/raw/cluster_size/threshold/ScanConfig_241114_201635.cfg, /mnt/homes/ychoi/entry_test/raw/Threshold_241114_201635.root, /mnt/homes/ychoi/entry_test/threshold_plot/Threshold_241114_201635, /mnt/homes/ychoi/entry_test/threshold/Threshold_241114_201635.root
000187, /mnt/raw/cluster_size/threshold/ThresholdScan_241114_211303.dat, /mnt/raw/cluster_size/threshold/ScanConfig_241114_211303.cfg, /mnt/homes/ychoi/entry_test/raw/Threshold_241114_211303.root, /mnt/homes/ychoi/entry_test/threshold_plot/Threshold_241114_211303, /mnt/homes/ychoi/entry_test/threshold/Threshold_241114_211303.root
000188, /mnt/raw/cluster_size/threshold/ThresholdScan_241114_222501.dat, /mnt/raw/cluster_size/threshold/ScanConfig_241114_222501.cfg, /mnt/homes/ychoi/entry_test/raw/Threshold_241114_222501.root, /mnt/homes/ychoi/entry_test/threshold_plot/Threshold_241114_222501, /mnt/homes/ychoi/entry_test/threshold/Threshold_241114_222501.root
000189, /mnt/raw/cluster_size/threshold/ThresholdScan_241114_232124.dat, /mnt/raw/cluster_size/threshold/ScanConfig_241114_232124.cfg, /mnt/homes/ychoi/entry_test/raw/Threshold_241114_232124.root, /mnt/homes/ychoi/entry_test/threshold_plot/Threshold_241114_232124, /mnt/homes/ychoi/entry_test/threshold/Threshold_241114_232124.root
000190, /mnt/raw/cluster_size/threshold/ThresholdScan_241114_234858.dat, /mnt/raw/cluster_size/threshold/ScanConfig_241114_234858.cfg, /mnt/homes/ychoi/entry_test/raw/Threshold_241114_234858.root, /mnt/homes/ychoi/entry_test/threshold_plot/Threshold_241114_234858, /mnt/homes/ychoi/entry_test/threshold/Threshold_241114_234858.root
000191, /mnt/raw/cluster_size/threshold/ThresholdScan_241115_000654.dat, /mnt/raw/cluster_size/threshold/ScanConfig_241115_000654.cfg, /mnt/homes/ychoi/entry_test/raw/Threshold_241115_000654.root, /mnt/homes/ychoi/entry_test/threshold_plot/Threshold_241115_000654, /mnt/homes/ychoi/entry_test/threshold/Threshold_241115_000654.root
000192, /mnt/raw/cluster_size/threshold/ThresholdScan_241115_143044.dat, /mnt/raw/cluster_size/threshold/ScanConfig_241115_143044.cfg, /mnt/homes/ychoi/entry_test/raw/Threshold_241115_143044.root, /mnt/homes/ychoi/entry_test/threshold_plot/Threshold_241115_143044, /mnt/homes/ychoi/entry_test/threshold/Threshold_241115_143044.root
000193, /mnt/raw/cluster_size/threshold/ThresholdScan_241115_150216.dat, /mnt/raw/cluster_size/threshold/ScanConfig_241115_150216.cfg, /mnt/homes/ychoi/entry_test/raw/Threshold_241115_150216.root, /mnt/homes/ychoi/entry_test/threshold_plot/Threshold_241115_150216, /mnt/homes/ychoi/entry_test/threshold/Threshold_241115_150216.root
000194, /mnt/raw/cluster_size/threshold/ThresholdScan_241115_152654.dat, /mnt/raw/cluster_size/threshold/ScanConfig_241115_152654.cfg, /mnt/homes/ychoi/entry_test/raw/Threshold_241115_152654.root, /mnt/homes/ychoi/entry_test/threshold_plot/Threshold_241115_152654, /mnt/homes/ychoi/entry_test/threshold/Threshold_241115_152654.root
000195, /mnt/raw/cluster_size/threshold/ThresholdScan_241117_183034.dat, /mnt/raw/cluster_size/threshold/ScanConfig_241117_183034.cfg, /mnt/homes/ychoi/entry_test/raw/Threshold_241117_183034.root, /mnt/homes/ychoi/entry_test/threshold_plot/Threshold_241117_183034, /mnt/homes/ychoi/entry_test/threshold/Threshold_241117_183034.root
000196, /mnt/raw/cluster_size/threshold/ThresholdScan_241117_185722.dat, /mnt/raw/cluster_size/threshold/ScanConfig_241117_185722.cfg, /mnt/homes/ychoi/entry_test/raw/Threshold_241117_185722.root, /mnt/homes/ychoi/entry_test/threshold_plot/Threshold_241117_185722, /mnt/homes/ychoi/entry_test/threshold/Threshold_241117_185722.root
000197, /mnt/raw/cluster_size/threshold/ThresholdScan_241117_192018.dat, /mnt/raw/cluster_size/threshold/ScanConfig_241117_192018.cfg, /mnt/homes/ychoi/entry_test/raw/Threshold_241117_192018.root, /mnt/homes/ychoi/entry_test/threshold_plot/Threshold_241117_192018, /mnt/homes/ychoi/entry_test/threshold/Threshold_241117_192018.root
000198, /mnt/raw/cluster_size/threshold/ThresholdScan_241120_134732.dat, /mnt/raw/cluster_size/threshold/ScanConfig_241120_134732.cfg, /mnt/homes/ychoi/entry_test/raw/Threshold_241120_134732.root, /mnt/homes/ychoi/entry_test/threshold_plot/Threshold_241120_134732, /mnt/homes/ychoi/entry_test/threshold/Threshold_241120_134732.root
000199, /mnt/raw/cluster_size/threshold/ThresholdScan_241120_140502.dat, /mnt/raw/cluster_size/threshold/ScanConfig_241120_140502.cfg, /mnt/homes/ychoi/entry_test/raw/Threshold_241120_140502.root, /mnt/homes/ychoi/entry_test/threshold_plot/Threshold_241120_140502, /mnt/homes/ychoi/entry_test/threshold/Threshold_241120_140502.root
000200, /mnt/raw/cluster_size/threshold/ThresholdScan_241120_142352.dat, /mnt/raw/cluster_size/threshold/ScanConfig_241120_142352.cfg, /mnt/homes/ychoi/entry_test/raw/Threshold_241120_142352.root, /mnt/homes/ychoi/entry_test/threshold_plot/Threshold_241120_142352, /mnt/homes/ychoi/entry_test/threshold/Threshold_241120_142352.root
000201, /mnt/raw/cluster_size/threshold/ThresholdScan_241120_145108.dat, /mnt/raw/cluster_size/threshold/ScanConfig_241120_145108.cfg, /mnt/homes/ychoi/entry_test/raw/Threshold_241120_145108.root, /mnt/homes/ychoi/entry_test/threshold_plot/Threshold_241120_145108, /mnt/homes/ychoi/entry_test/threshold/Threshold_241120_145108.root
000202, /mnt/raw/cluster_size/threshold/ThresholdScan_241120_153021.dat, /mnt/raw/cluster_size/threshold/ScanConfig_241120_153021.cfg, /mnt/homes/ychoi/entry_test/raw/Threshold_241120_153021.root, /mnt/homes/ychoi/entry_test/threshold_plot/Threshold_241120_153021, /mnt/homes/ychoi/entry_test/threshold/Threshold_241120_153021.root
000203, /mnt/raw/cluster_size/threshold/ThresholdScan_241120_154650.dat, /mnt/raw/cluster_size/threshold/ScanConfig_241120_154650.cfg, /mnt/homes/ychoi/entry_test/raw/Threshold_241120_154650.root, /mnt/homes/ychoi/entry_test/threshold_plot/Threshold_241120_154650, /mnt/homes/ychoi/entry_test/threshold/Threshold_241120_154650.root
000204, /mnt/raw/cluster_size/threshold/ThresholdScan_241120_160637.dat, /mnt/raw/cluster_size/threshold/ScanConfig_241120_160637.cfg, /mnt/homes/ychoi/entry_test/raw/Threshold_241120_160637.root, /mnt/homes/ychoi/entry_test/threshold_plot/Threshold_241120_160637, /mnt/homes/ychoi/entry_test/threshold/Threshold_241120_160637.root
000205, /mnt/raw/cluster_size/threshold/ThresholdScan_241120_163344.dat, /mnt/raw/cluster_size/threshold/ScanConfig_241120_163344.cfg, /mnt/homes/ychoi/entry_test/raw/Threshold_241120_163344.root, /mnt/homes/ychoi/entry_test/threshold_plot/Threshold_241120_163344, /mnt/homes/ychoi/entry_test/threshold/Threshold_241120_163344.root
000206, /mnt/raw/cluster_size/threshold/ThresholdScan_241120_172155.dat, /mnt/raw/cluster_size/threshold/ScanConfig_241120_172155.cfg, /mnt/homes/ychoi/entry_test/raw/Threshold_241120_172155.root, /mnt/homes/ychoi/entry_test/threshold_plot/Threshold_241120_172155, /mnt/homes/ychoi/entry_test/threshold/Threshold_241120_172155.root
000207, /mnt/raw/cluster_size/threshold/ThresholdScan_241120_175139.dat, /mnt/raw/cluster_size/threshold/ScanConfig_241120_175139.cfg, /mnt/homes/ychoi/entry_test/raw/Threshold_241120_175139.root, /mnt/homes/ychoi/entry_test/threshold_plot/Threshold_241120_175139, /mnt/homes/ychoi/entry_test/threshold/Threshold_241120_175139.root
000208, /mnt/raw/cluster_size/threshold/ThresholdScan_241120_182436.dat, /mnt/raw/cluster_size/threshold/ScanConfig_241120_182436.cfg, /mnt/homes/ychoi/entry_test/raw/Threshold_241120_182436.root, /mnt/homes/ychoi/entry_test/threshold_plot/Threshold_241120_182436, /mnt/homes/ychoi/entry_test/threshold/Threshold_241120_182436.root
000209, /mnt/raw/cluster_size/threshold/ThresholdScan_241121_132442.dat, /mnt/raw/cluster_size/threshold/ScanConfig_241121_132442.cfg, /mnt/homes/ychoi/entry_test/raw/Threshold_241121_132442.root, /mnt/homes/ychoi/entry_test/threshold_plot/Threshold_241121_132442, /mnt/homes/ychoi/entry_test/threshold/Threshold_241121_132442.root
000210, /mnt/raw/cluster_size/threshold/ThresholdScan_241121_134016.dat, /mnt/raw/cluster_size/threshold/ScanConfig_241121_134016.cfg, /mnt/homes/ychoi/entry_test/raw/Threshold_241121_134016.root, /mnt/homes/ychoi/entry_test/threshold_plot/Threshold_241121_134016, /mnt/homes/ychoi/entry_test/threshold/Threshold_241121_134016.root
000211, /mnt/raw/cluster_size/threshold/ThresholdScan_241121_140931.dat, /mnt/raw/cluster_size/threshold/ScanConfig_241121_140931.cfg, /mnt/homes/ychoi/entry_test/raw/Threshold_241121_140931.root, /mnt/homes/ychoi/entry_test/threshold_plot/Threshold_241121_140931, /mnt/homes/ychoi/entry_test/threshold/Threshold_241121_140931.root
000212, /mnt/raw/cluster_size/threshold/ThresholdScan_241121_184008.dat, /mnt/raw/cluster_size/threshold/ScanConfig_241121_184008.cfg, /mnt/homes/ychoi/entry_test/raw/Threshold_241121_184008.root, /mnt/homes/ychoi/entry_test/threshold_plot/Threshold_241121_184008, /mnt/homes/ychoi/entry_test/threshold/Threshold_241121_184008.root
000213, /mnt/raw/cluster_size/threshold/ThresholdScan_241121_185754.dat, /mnt/raw/cluster_size/threshold/ScanConfig_241121_185754.cfg, /mnt/homes/ychoi/entry_test/raw/Threshold_241121_185754.root, /mnt/homes/ychoi/entry_test/threshold_plot/Threshold_241121_185754, /mnt/homes/ychoi/entry_test/threshold/Threshold_241121_185754.root
000214, /mnt/raw/cluster_size/threshold/ThresholdScan_241121_191627.dat, /mnt/raw/cluster_size/threshold/ScanConfig_241121_191627.cfg, /mnt/homes/ychoi/entry_test/raw/Threshold_241121_191627.root, /mnt/homes/ychoi/entry_test/threshold_plot/Threshold_241121_191627, /mnt/homes/ychoi/entry_test/threshold/Threshold_241121_191627.root
000215, /mnt/raw/cluster_size/threshold/ThresholdScan_241121_193352.dat, /mnt/raw/cluster_size/threshold/ScanConfig_241121_193352.cfg, /mnt/homes/ychoi/entry_test/raw/Threshold_241121_193352.root, /mnt/homes/ychoi/entry_test/threshold_plot/Threshold_241121_193352, /mnt/homes/ychoi/entry_test/threshold/Threshold_241121_193352.root
000216, /mnt/raw/cluster_size/threshold/ThresholdScan_241121_195159.dat, /mnt/raw/cluster_size/threshold/ScanConfig_241121_195159.cfg, /mnt/homes/ychoi/entry_test/raw/Threshold_241121_195159.root, /mnt/homes/ychoi/entry_test/threshold_plot/Threshold_241121_195159, /mnt/homes/ychoi/entry_test/threshold/Threshold_241121_195159.root
000217, /mnt/raw/cluster_size/threshold/ThresholdScan_241121_200053.dat, /mnt/raw/cluster_size/threshold/ScanConfig_241121_200053.cfg, /mnt/homes/ychoi/entry_test/raw/Threshold_241121_200053.root, /mnt/homes/ychoi/entry_test/threshold_plot/Threshold_241121_200053, /mnt/homes/ychoi/entry_test/threshold/Threshold_241121_200053.root
000218, /mnt/raw/cluster_size/threshold/ThresholdScan_241212_130501.dat, /mnt/raw/cluster_size/threshold/ScanConfig_241212_130501.cfg, /mnt/homes/ychoi/entry_test/raw/Threshold_241212_130501.root, /mnt/homes/ychoi/entry_test/threshold_plot/Threshold_241212_130501, /mnt/homes/ychoi/entry_test/threshold/Threshold_241212_130501.root
000219, /mnt/raw/cluster_size/threshold/ThresholdScan_250103_153215.dat, /mnt/raw/cluster_size/threshold/ScanConfig_250103_153215.cfg, /mnt/homes/ychoi/entry_test/raw/Threshold_250103_153215.root, /mnt/homes/ychoi/entry_test/threshold_plot/Threshold_250103_153215, /mnt/homes/ychoi/entry_test/threshold/Threshold_250103_153215.root
000220, /mnt/raw/cluster_size/threshold/ThresholdScan_250103_204439.dat, /mnt/raw/cluster_size/threshold/ScanConfig_250103_204439.cfg, /mnt/homes/ychoi/entry_test/raw/Threshold_250103_204439.root, /mnt/homes/ychoi/entry_test/threshold_plot/Threshold_250103_204439, /mnt/homes/ychoi/entry_test/threshold/Threshold_250103_204439.root
000221, /mnt/raw/cluster_size/threshold/ThresholdScan_250327_210544.dat, /mnt/raw/cluster_size/threshold/ScanConfig_250327_210544.cfg, /mnt/homes/ychoi/entry_test/raw/Threshold_250327_210544.root, /mnt/homes/ychoi/entry_test/threshold_plot/Threshold_250327_210544, /mnt/homes/ychoi/entry_test/threshold/Threshold_250327_210544.root
